-- phpMyAdmin SQL Dump
-- version 5.2.1
-- https://www.phpmyadmin.net/
--
-- Host: localhost
-- Generation Time: Jun 10, 2025 at 07:47 AM
-- Server version: 10.4.28-MariaDB
-- PHP Version: 8.2.4

SET SQL_MODE = "NO_AUTO_VALUE_ON_ZERO";
START TRANSACTION;
SET time_zone = "+00:00";


/*!40101 SET @OLD_CHARACTER_SET_CLIENT=@@CHARACTER_SET_CLIENT */;
/*!40101 SET @OLD_CHARACTER_SET_RESULTS=@@CHARACTER_SET_RESULTS */;
/*!40101 SET @OLD_COLLATION_CONNECTION=@@COLLATION_CONNECTION */;
/*!40101 SET NAMES utf8mb4 */;

--
-- Database: `printing`
--

-- --------------------------------------------------------

--
-- Table structure for table `file`
--

CREATE TABLE `file` (
  `file_id` varchar(8) NOT NULL,
  `order_id` varchar(8) DEFAULT NULL,
  `item_id` varchar(8) DEFAULT NULL,
  `file_name` varchar(50) DEFAULT NULL,
  `file_path` longblob DEFAULT NULL,
  `file_type` varchar(5) DEFAULT NULL
) ENGINE=InnoDB DEFAULT CHARSET=utf8mb4 COLLATE=utf8mb4_general_ci;

--
-- Dumping data for table `file`
--

INSERT INTO `file` (`file_id`, `order_id`, `item_id`, `file_name`, `file_path`, `file_type`) VALUES
('F0000001', 'O0000001', 'I0000001', 'assigment2025.pdf', 0x286c6f6e67626c6f6229, 'pdf'),
('F0000002', 'O0000002', 'I0000002', 'group2.pdf', 0x286c6f6e67626c6f6229, 'pdf'),
('F0000003', 'O0000003', 'I0000003', 'newdocument.pdf', 0x286c6f6e67626c6f6229, 'pdf');

-- --------------------------------------------------------

--
-- Table structure for table `finishing_list`
--

CREATE TABLE `finishing_list` (
  `finishing_id` varchar(4) NOT NULL,
  `finishing_desc` varchar(50) DEFAULT NULL,
  `finishing_price` decimal(6,2) DEFAULT NULL,
  `finishing_status` varchar(15) DEFAULT NULL
) ENGINE=InnoDB DEFAULT CHARSET=utf8mb4 COLLATE=utf8mb4_general_ci;

--
-- Dumping data for table `finishing_list`
--

INSERT INTO `finishing_list` (`finishing_id`, `finishing_desc`, `finishing_price`, `finishing_status`) VALUES
('F001', 'Lamination-A3', 2.50, 'Available'),
('F002', 'Lamination-A4', 5.00, 'Not Available'),
('F003', 'Stapler-Top Left', 0.20, 'Available'),
('F004', 'Stapler-Top Right', 0.20, 'Available'),
('F005', 'Stapler-Side Center(2)', 0.50, 'Available'),
('F006', 'Comb Binding', 3.00, 'Available'),
('F007', 'Wire O Binding', 5.00, 'Available'),
('F008', 'Hard Cover-Front&Back', 1.50, 'Available');

-- --------------------------------------------------------

--
-- Table structure for table `order`
--

CREATE TABLE `order` (
  `order_id` varchar(8) NOT NULL,
  `item_id` varchar(8) DEFAULT NULL,
  `service_total_price` decimal(6,2) DEFAULT NULL,
  `finishing_quantity` int(1) DEFAULT NULL,
  `finishing_total_price` decimal(6,2) DEFAULT NULL,
  `total_price` decimal(6,2) DEFAULT NULL,
  `order_status` varchar(9) DEFAULT NULL,
  `customer_id` int(8) DEFAULT NULL,
  `customer_name` varchar(100) DEFAULT NULL,
  `staff_id` int(8) DEFAULT NULL,
  `staff_name` varchar(100) DEFAULT NULL,
  `payment_id` varchar(8) DEFAULT NULL,
  `payment_status` varchar(50) DEFAULT NULL,
  `created_at` datetime NOT NULL DEFAULT current_timestamp()
) ENGINE=InnoDB DEFAULT CHARSET=utf8mb4 COLLATE=utf8mb4_general_ci;

--
-- Dumping data for table `order`
--

INSERT INTO `order` (`order_id`, `item_id`, `service_total_price`, `finishing_quantity`, `finishing_total_price`, `total_price`, `order_status`, `customer_id`, `customer_name`, `staff_id`, `staff_name`, `payment_id`, `payment_status`, `created_at`) VALUES
('O0000001', 'I0000001', 10.00, 2, 4.50, 14.50, 'Completed', 10000003, 'Mickie Joe', 10000001, 'Michael Bay', 'P0000001', 'Completed', '0000-00-00 00:00:00'),
('O0000002', 'I0000002', 80.00, 0, NULL, 80.00, 'Completed', 10000004, 'Johny Deep', 10000002, 'Jackson Mirana', 'P0000002', 'Completed', '0000-00-00 00:00:00'),
('O0000003', 'I0000003', 10.00, 0, NULL, 10.00, 'Pending', 10000005, 'Brunice Kee', 10000002, 'Jackson Mirana', 'P0000003', 'Completed', '0000-00-00 00:00:00'),
('O0000004', NULL, NULL, NULL, NULL, NULL, NULL, NULL, NULL, NULL, NULL, NULL, NULL, '2025-06-09 00:00:00'),
('O0000005', 'I0000005', 20.00, 2, 4.50, 24.50, NULL, NULL, NULL, NULL, NULL, NULL, NULL, '2025-06-09 00:00:00'),
('O0000006', 'I0000006', 20.00, 2, 4.50, 24.50, NULL, NULL, NULL, NULL, NULL, NULL, NULL, '2025-06-09 00:00:00'),
('O0000007', 'I0000007', 20.00, 2, 4.50, 24.50, NULL, NULL, NULL, NULL, NULL, NULL, NULL, '2025-06-09 00:00:00'),
('O0000008', 'I0000008', 20.00, 2, 4.50, 24.50, NULL, NULL, NULL, NULL, NULL, NULL, NULL, '2025-06-09 00:00:00'),
('O0000009', 'I0000009', 20.00, 2, 4.50, 24.50, NULL, NULL, NULL, NULL, NULL, NULL, NULL, '2025-06-09 22:15:00'),
('O0000010', 'I0000010', 0.40, 3, 2.90, 3.30, NULL, NULL, NULL, NULL, NULL, NULL, NULL, '2025-06-10 08:06:55');

-- --------------------------------------------------------

--
-- Table structure for table `order_detail`
--

CREATE TABLE `order_detail` (
  `item_id` varchar(8) NOT NULL,
  `order_id` varchar(8) DEFAULT NULL,
  `service_id` varchar(4) DEFAULT NULL,
  `service_desc` varchar(50) DEFAULT NULL,
  `service_price` decimal(6,2) DEFAULT NULL,
  `copies` int(4) DEFAULT NULL,
  `pages` int(4) NOT NULL,
  `size` varchar(4) DEFAULT NULL,
  `colour` varchar(50) DEFAULT NULL,
  `service_total_price` decimal(6,2) DEFAULT NULL,
  `finishing_1` varchar(4) DEFAULT NULL,
  `finishing_desc1` varchar(50) DEFAULT NULL,
  `finishing_price1` decimal(6,2) DEFAULT 0.00,
  `finishing_2` varchar(4) DEFAULT NULL,
  `finishing_desc2` varchar(50) DEFAULT NULL,
  `finishing_price2` decimal(6,2) DEFAULT 0.00,
  `finishing_3` varchar(4) DEFAULT NULL,
  `finishing_desc3` varchar(50) DEFAULT NULL,
  `finishing_price3` decimal(6,2) DEFAULT 0.00,
  `item_price` decimal(6,2) DEFAULT NULL,
  `remarks` varchar(200) NOT NULL,
  `created_at` datetime DEFAULT current_timestamp()
) ENGINE=InnoDB DEFAULT CHARSET=utf8mb4 COLLATE=utf8mb4_general_ci;

--
-- Dumping data for table `order_detail`
--

INSERT INTO `order_detail` (`item_id`, `order_id`, `service_id`, `service_desc`, `service_price`, `copies`, `pages`, `size`, `colour`, `service_total_price`, `finishing_1`, `finishing_desc1`, `finishing_price1`, `finishing_2`, `finishing_desc2`, `finishing_price2`, `finishing_3`, `finishing_desc3`, `finishing_price3`, `item_price`, `remarks`, `created_at`) VALUES
('I0000001', 'O0000001', 'S001', 'Print-1side', 0.20, 1, 50, 'A4', 'BW', 10.00, 'F006', 'Comb Binding', 3.00, 'F008', 'Hard Cover-Front&Back', 1.50, NULL, '', NULL, 14.50, '', '2025-01-06 00:00:00'),
('I0000002', 'O0000002', 'S003', 'Photocopy-1side', 0.20, 100, 1, 'A3', 'CL', 80.00, NULL, '', NULL, NULL, '', NULL, NULL, '', NULL, 80.00, '', '2025-02-06 00:00:00'),
('I0000003', 'O0000003', 'S009', 'Lamination(Photocopy)', 2.50, 1, 2, 'A4', 'CL', 10.00, NULL, '', NULL, NULL, '', NULL, NULL, '', NULL, 10.00, '', '2025-03-06 00:00:00'),
('I0000004', 'O0000004', 'S001', 'Print-1side', 0.20, 1, 50, 'A4', 'Colour', 20.00, 'F006', 'Comb Binding', 3.00, 'F008', 'Hard Cover-Front&Back', 1.50, NULL, '', 0.00, 24.50, '', '2025-06-09 00:00:00'),
('I0000005', 'O0000005', 'S001', 'Print-1side', 0.20, 1, 50, 'A4', 'Colour', 20.00, 'F006', 'Comb Binding', 3.00, 'F008', 'Hard Cover-Front&Back', 1.50, NULL, '', 0.00, 24.50, '', '2025-06-09 00:00:00'),
('I0000006', 'O0000006', 'S001', 'Print-1side', 0.20, 1, 50, 'A4', 'Colour', 20.00, 'F006', 'Comb Binding', 3.00, 'F008', 'Hard Cover-Front&Back', 1.50, NULL, '', 0.00, 24.50, '', '2025-06-09 00:00:00'),
('I0000007', 'O0000007', 'S001', 'Print-1side', 0.20, 1, 50, 'A4', 'Colour', 20.00, 'F006', 'Comb Binding', 3.00, 'F008', 'Hard Cover-Front&Back', 1.50, NULL, '', 0.00, 24.50, '', '2025-06-09 00:00:00'),
('I0000008', 'O0000008', 'S001', 'Print-1side', 0.20, 1, 50, 'A4', 'Colour', 20.00, 'F006', 'Comb Binding', 3.00, 'F008', 'Hard Cover-Front&Back', 1.50, NULL, '', 0.00, 24.50, '', '2025-06-09 00:00:00'),
('I0000009', 'O0000009', 'S001', 'Print-1side', 0.20, 1, 50, 'A4', 'Colour', 20.00, 'F006', 'Comb Binding', 3.00, 'F008', 'Hard Cover-Front&Back', 1.50, NULL, '', 0.00, 24.50, '', '2025-06-09 22:15:00'),
('I0000010', 'O0000010', 'S001', 'Print-1side', 0.20, 1, 1, 'A3', 'Black and White', 0.40, 'F001', 'Lamination-A3', 2.50, 'F003', 'Stapler-Top Left', 0.20, 'F004', 'Stapler-Top Right', 0.20, 3.30, '', '2025-06-10 08:06:55');

-- --------------------------------------------------------

--
-- Table structure for table `payment`
--

CREATE TABLE `payment` (
  `payment_id` varchar(8) NOT NULL,
  `order_id` varchar(8) DEFAULT NULL,
  `total_price` decimal(6,2) DEFAULT NULL,
  `payment_type` varchar(7) DEFAULT NULL,
  `payment_status` varchar(9) DEFAULT NULL,
  `payment_date` date DEFAULT NULL
) ENGINE=InnoDB DEFAULT CHARSET=utf8mb4 COLLATE=utf8mb4_general_ci;

--
-- Dumping data for table `payment`
--

INSERT INTO `payment` (`payment_id`, `order_id`, `total_price`, `payment_type`, `payment_status`, `payment_date`) VALUES
('P0000001', 'O0000001', 14.50, 'Online', 'Completed', '2025-01-06'),
('P0000002', 'O0000002', 80.00, 'Online', 'Completed', '2025-02-06'),
('P0000003', 'O0000003', 10.00, 'Walk In', 'Completed', '2025-03-06');

-- --------------------------------------------------------

--
-- Table structure for table `profile_images`
--

CREATE TABLE `profile_images` (
  `img_id` int(11) NOT NULL,
  `img_name` varchar(20) NOT NULL,
  `img_type` varchar(30) NOT NULL,
  `img_data` longblob NOT NULL
) ENGINE=InnoDB DEFAULT CHARSET=utf8mb4 COLLATE=utf8mb4_general_ci;

--
-- Dumping data for table `profile_images`
--

INSERT INTO `profile_images` (`img_id`, `img_name`, `img_type`, `img_data`) VALUES
(1, 'userpic1', 'image/jpeg', 0xffd8ffe000104a46494600010101004800480000ffdb00430006040506050406060506070706080a100a0a09090a140e0f0c1017141818171416161a1d251f1a1b231c1616202c20232627292a29191f2d302d283025282928ffdb0043010707070a080a130a0a13281a161a2828282828282828282828282828282828282828282828282828282828282828282828282828282828282828282828282828ffc20011080280028003012200021101031101ffc4001c0001000105010100000000000000000000000701030405060208ffc4001a010100030101010000000000000000000000010203040506ffda000c0301000210031000000193800000000000000000000003526da915f124d7cbc563b4d369065e2d02e5b1b1da734240e921b1f46e7fcc9d193c381edcbe00000000000000000000000000000000000000000062197a48f7823b1e3680000000000001978824e917e6cce3e8e70bdd000000000000000000000000000000000000001e62a3a9883000000000000000000003aee447d1f9bf3bce66d4000000000000000000000000000000000031ce1226ccc30000000000000000000001b7d40fa53222496c00000000000000000000000000000000046b237cee6bc000000000000000000000007afa1be779209500000000000000000000000000000000071b0af69c58000000000000000000000000d9eb07d38d3ee000000000000000000000000000000052bac201c400000000000000000000000000263ee62c94c0000000000000000000000000000006877dae3e7400033a27044c000000003da7c5eedbbfcaf1566ca2cf4897453bd263e7c4bb1ceb9ea05e8000076d33419398000000000000000000000000000000a547cd16b73a600acf70ccdd86dc4c793cd8ada0248bc3ef8e10b54000bd2652dcac93b361b852e000f1ec465c47d091eef8c7a36c4003a29ea029f40000000000000000000000000000000211e46438f003b49438decb97a429778f64735cdc92bd61fc79a16ac43bfefd13859a6770480000029510a69a5989bab982f403a29ea0b9d0000000000000000000000000000000023c89a6d8481991332ecce4ea0890000000000000000290bcd3a0bd21a569d5cc076734c4b2d000000000000000000000000000000035f5b637cf9f42c2f59d1761c7c952ee872f4800000000000000000011a70df40c5bbe1c8197ae725c89cbecb2d370b7735c8240000000000000000000000000016b59b2d6f3eed6ec996900c978d93be5d98c36000000000000000000018d938c88125ce0666db20c76cecac4cbeae50bd4000000000000000000000000003cea771acc75b430dfc733d4d998bc22400000000000000000006364db4731d5f8f72086c6ff009f5d9ca130000000000000000000000000000c6c95674eb96f97a8224000000000000000000000001918fb3be77475738000000000000000000000000000005bd66dece5a6b5ebcf3ee090000000000000000000001996ad334e9e70b540000000000000000000000000000000f1aeda58cf4d70e6e800000000000000000001938db5d337b3a39c2400000000000000000000000000000000006aedec75dcbd214b8000000000000000008c8d85bb9d5cc17a80000000000000000000000000000000000035db1f14b6a95a72f4824000000000000001958fb4d32f43a70000000000000000000000000000000000000000c5c1dc6061b630c7600000000000000654d6fdf3af982600000000000000000000000000000000000000014a8d6d9dae9b97a6e0a5c0000000000142f6ca9ebab982f4000000000000000000000000000000000000000000f3ccf4dcc73f4e6dcd7e4e3adf135000000005b8571bc556e9876f0848000000000000000000000000000000000000000003cf31d1f3bcfd141cfd37b2b5f59aec18f7e6951200052de344dec622ef7e2e4c74af1efb7802400000000000000000000000000000000000000002cd35856c5c56d84b96f8fb42b65682fdec24d736986322d78242240655bbfd3cb7369a7b9be1b85bb8000000000000000000000000000000000000005bd2237f8fcb6d8504814c5cbf196b8a393b000000007bf395ae5e8757184bded351e8dd38cdc4c6ede3dc01200000000000000000000000000061f3d31d6a32e7a6b32e82225abdfe8744b52e5b25ea5d88240a5fa519ea00162ce6e272f57918ee00000b968b974ece10b54061e672335e206d85dde73c89eff7d115a8b7d017be7bddd6d34a37e82b6ea18d9312090000000000000000073a8e8b431a68af4ee39bd5ad40b400ad2a5c0801bfd07b4cc4b5770e800079f489c3a5fb1c7da14b800572fc5ceae40db10004612244b7cc34c805abb6804815dc6990efbb184116fa190fc8f9e9b911600000000000059c68826bbbe30d710900000ad2a5c0800090ba38ee44cb70ad80018b954cf4c3569c9d8112bbe32f6c43ab900000e4f86dc69f6c026a02d5db402400007af23be917e7ce833bcccc5caa6a000000000d7e442d6adad79a621200000056952e040005c9761e9129a74233d40000b78d9b8fcfd168bf8efefd9dbc2130000c5cae566bc2d0db00005abb680480000001b899203e8297999e3de7a8000000e391caf286d884c00000000ad2a5c08000747ce5d89981e3de3b8240014ae92ba6cb2635edf2ead98df84000046721c497ce834c80016aeda012000000001ddc97f3d4cb9e9d00a68000058833b78f34c82f400000000056952e040000122f411f48396e15b00f17e35a74e7727471fd13df8575edfad86faee8f23b77bf1d3e300072dc1eef49b601350005abb6804800000000373a643e85af25d6e3b82405abbc64c46d8a6b80480000000015a0baa55000005e9761c91e9a6f8f59ebe722edd29c4f6f8f5da105eb3c3f521164a31f4cbd1e4571331d3e2eb5978a531f239798e13c9b7380000b572d809000000000037b34fcf337e7a6dc534010e4b5025f3f234cc0000000000000f5eadfa3d8400e9b99c88998f2a9ef1dc1229130eeaeedae1fac0ae9d24a70e4c7d5e006fe6bcfa18518ca509df3f234c8079f56caf91200000000000002428f779599a865b81c9c4bde707ae216a80000000000000bbe3da0000095ba18de48c7708b30b37455d6251c1f5609bb38c13357478f9a3a7c603928d7a3e736c026a02951695a2400000000000007af23e80bda1df61b8261ce732b176e7090000000000000a9eea200000ca9ae0a9669a6f867ab92eb781cfaf861c5f4c025a89649dbceeb875fcfac5fe526236f06dce000052dddb40240000000000000957b18f243c766bf61ca26241b6000000000000000175e3da00000765c6e644cd6a571e8463274438fa3a61c9f4003bae17aad3924d1dbf328b64c84af9db1a64000052dd680240000000000000ebe578566acb54732343e73235c800000000000000176d7a47b0000012e6ee3d90b1dd08ccd08737b41cdec80dce9b26d94dc3bfe53968c7a7e635e70b540014adb2812000000000000001933efcf33e67a6540935c1206998000000000000000172b6ee200000cf9a20897a9a562093e30e0fa40c7d2001137fbd6607a1f251a5a3a38c0000a5bad00480000000000000026885e55a5efc4720c7d3016a80000000000000000b96ea8b80000771c3ec62dd7701d7f21e67d6067d800127f35b1e2fd1f94b037e000079f568048000000000000000090a3debeb38dcce661cc048000000000000000002e56ddc4000019986799f5c197600067609e97c986dc2001e7c090000000000000000006ef49910fffc4002e1000000501090002020202030100000000010203040500061011121320304050142131322234153523246016ffda0008010100010502f047ea9ccc316f4bda84c296b46f4f4a4b3e528ce573d08e3714e62d11f3a252539209d2369dc0537b4ad0f4dde3773ff817b20d99d3cb4c71a74f5cba1e40fa16934f5b532b4a82948aa9ac4f6e424db31090b40e5c508e23d16ce166c78fb4b482c9ae9faee5c24d9293b44aab461130f55a3b59a2915681271eb4bcd22ca9e3b59e2bd9889b5995357293a47d130814b333e2a7763deacc568e7a9be6fe85ac7fa6977a2df28c1d37588ba3e73854a822f1c19d39efd947fa6b79d6bde604f00a6121a31d03c65e61cc0423f722eddf8363dce0a7996a5ce8477851ae3e2bff0032d5b8d592f0e216d78df2ddabaeebc3b22ae78ef2a4cfa71fe258c3ff00c9e54eff00a8eaa4928a992847a7affe79cd2904f0b4bb55dbf1d9136129e548935186d55a2e925ca4298e66102635208a6812f1fba7b0cd9c53f8f5d90f05991c267ca1fb0549a6ade0188a69815090824d4a70dd56c7e28f865dcd32648342ef394a72cbc30a5c167bfdc797324d395be253d591b96493588f600069cb559b0ee4933ac7898706fc93913be07fdbf976a49965efb2e96679b0c0062b88568b52d67540a3c2be2d7f897b49c23d3536b3c014d9b22d8bcb2cd7e23ddb67bfdc7976c89839becba5959766d0b4d767b6cc86333e5db2262d6f8d4b45876a5da7c379b2c997195f2ed4933c45cc92d777db9965f31a6cb1a4ff00b7e5cc93522aeb3286a3dee5a28fd33df6309ff063e519511a38e724bb1164e2aca17febf70e529cb270ca206a6adcee978e6a0c9ad107317c757f4ba41a95e36593324ad96fe8f75cff005ea0597c66b721faf8eafe97da56598965bfa3dd73fd7856bf29f5e87e3c737d85e7281c90680b6ef39febd9d6da2c6f443f8790a8607bc0982bdd397390a50296f0fa0f2162e21e2a2189bca39729bc44cb94be51cb9804301f091279a7266a10c07c0225e798a06039728f7534f300140be8ac5c4bdd28605f48e5ca6eda2189bd354b98bdb217297d454b947b2897efd5306601fa1eb9433080601eb2c4c43ae917287b0a930eb224c7db509947a69973087b67fd4a6c7a650c03db37ea1f545363d011c2807153dc37eb714f8f318d8508e344fdfdc37eb794f8500e3c663de4fdfdc50c0528ec01c28a7e031c0284c23b09fb14c060f6943e4011cc270dc038502959c2b305670a15284c23b8a18010c2512980c1ec287c942388dc70c3a040bca612890c060f595532d08e3b0687e8794a188ec28e5121f387a4739480b4b334a939c4d671b8c1887294300da0380ff9e48ab2328cd5a2980c1e5acba4882d38cd3a5ad09c6969678ad1cc638d1444a644e0aa5b8e1c840def15d06d726a1d314661e2548da11a42659ab49a84543c359d20852f3cd094bda2546969378b508e221f9db04ae76bbcc180f094311df3eae09ee2984a28cb3d4a90b447a42719a9492e92c1dc772ad5b539b42b1a979074b6e0fced85574de6f30621c01f7401806f945759ef100e02849bc469b5a238534916cebb1212cdd9d3d9472ef843f3b486121d2382896f38701030e076ae836e76332e5b5309141e874d55088a72736a2dc61f9dd06ae769c060c07690386d02b825d028880c64e88514c072f41eba4d9a322fd57ca7187e77422ba6f3804310d80188f0caabaaf7a51726a323b75d3709733d749b341ebb51e2dc81f9dc9984874ce0a27c070d850c0381d2ba2dff003d48c7ea3159bae4708f22eb1104649e9deb8e50fcef84573b4e1386171038a7d5c11eac3c8198ac4301cbc73d21f296e60fcef835723be11a02ff002e2965755ef5ace48643f15a27da087387e77a4714d42180e4e07d209b6a249382aecdea6e8381caba280fd8f583e8615efcc6bc0baa545176b99cb8e70fcf0422ba8cf71cc5215fca89ef28894584ae341f61ba7d5ca876225dfc3781f61bed43be887e782095c8eb68171a98516f97b604eb19710c374babaaf7b3671debb3dca9ca926e5633871d00fcf022714952180e5bca4bad237c49b601be8b310c68c4c36385345111c47b30ae7e2bfdd699c69b4edc2aba8ca8031a2970bdc240b22a905252f6287c97401805c626343f574f2b95bf063d38a71f2586d9f5f5e47a98d63ba055c8e4a4c68030db266cefef8036591d8218d18b854c2baaf76e358f56ca2fb5caba0dcc22637543720a0a2b9440c5daa1b3a97c61b23fdae14045011cc6da3d6855b464b65a5574e3bbb04b6ac7ec7a6c8d36266c8a6db46b6469b87ac51ca644fa895f6ad4c56ea87059b5b239d9366cb1bb591b3b4d93cb6abfde3d6833ea45df680f9e53aa1c0d55d07003885f690d833db086cd1b7aea02489cc2736f1eb5973e2c2f74a6b39ea071422dad1f7da737f2db66cd8b3bed12d919f7ac99ef905349977ecd2d957bed11b17fb6cc1beef9f5b55ff00f5acc1f2c85d6954c91bd60e166b68390fb0ba5cd9e4b6d9d360fee58e0924a18543f00f5a10f9252eb56a7f2f02196d68fb9c9b3b8db106c92575a15b4d9700f5db1f4dc5d6894cf27d70e1b34b60ad38364437363647175a05b51ef00f61a9f51b53b5359d7603818adf1ddd4b9b2476f40d9d050e09a6a9c545378f660cf9e2dfa9a2cbb21c312b6bb0b446c186f893678eb40b69b1e01ecd973e6616914c91bda0e0b34b7f3b4e6fe1bece9b330b42b6a3cde3dab267ab58a7df683823d6f8ef2d21b177bece2a0445650555bc1b307cb216894cf27db0e072b8aea6f4171492de3db843e49476a6b3aff00c7373e9b8fffc400251100010303040301010101000000000000010002110310402021303104051213412380ffda0008010301013f01ff008b5b4e57e611a6116119b4c234e7a45a4686b6535a0697b3fa331836bfc85f984298e0788396395e246406ca2c84cef9decfedbf3c5a7d2894d10ee72a9b7fb67f78948da30008b1ef101840e13cc0c663e3049844ce3b1d1cf50c6530c8e6799394c741e57ba3329bbf9c64c226735864713dd39d4111c11b67d0b10a3400a13bacf69829ae913785f2a2f59f3b664a066f49f075d47fc8d1231657dafb5f46cc3a293e76d24c094e77d1bb8ed6941e57dafa1cdd22f53a86806131df434557ceda1e7587a0e9e22e844cf0b4eda29bfe4a1bdaabe36d2e3bf0877038c2ef89874d27ff00139df2113267413c6d76a261133c63bd34a9b9e61abc9f1aa3049d2f3c8d3a5c795a76bf8be3feee854a8369086a225799e1340fb66871df946f7279986fe3d5fc9e1c9a6448b7b3ad03e05cf330ddfcc2e3b5484340b7b36ffa4dde799bdddddf3b4ed6a225e0216f68de8ddc77e7163cec36f09b3585fd93669d8ec301bd23800dbd6b66a4dfcd6cd13679c0627f582d3b2f56decdeb096108a71df0189f82c2bd63629cdcf4ab0f971c16277782ded782d8a23479e3e6a9182ded1c2f05e1f4468f60ff00bac63042ffc40023110002000602030101010000000000000001020003101130402031122141321380ffda0008010201013f01ff0016b4c023fa98134c2b83bb34c2ccb406078335a19c9e2933e1dc987dd43911fd4c1987021b8db3965b58ec3378c2bde1cface8ff000d0cd81a937b81ea18dd738898df289d6a4d14be7104de80586a30bc116d2962e759d2fa2ab7855b6bbadc6796b78eb65d6c7320b0da75b8cb2d6fef72627dc6a2f005b7660b1c48be3bd3b08ef7e752fcc77bec2f0c2d5bc5f84a4fbb968b5ab312fce5adcf0b6ada3c602c5851f84d4b7be205e156c2a2968f111e116ce122c391e045e197c4f09696f7c139f8c11880bc0185b83af90aca4bfbe2b84ae002f8df8cd4fb0abe4600b7018d8721ee07ac678b103b89657e714191871519587babb7888662d49733e1e0ba0333d5c5c564afda8ef338aa663c0f7493d55331aaf59da8de8564557ad119de933f3593dd068340ef40d2775597faa268342e8989f55ee8bd683c268bc4eef827bd1685eb44c4dfd7091d68981a53459b848165d2ffc4003b1000010202050a05030304020300000000010203001120213140500410122230415152617113233242623372811460a17082b1d143c1539192ffda0008010100063f02c06b8d77d2a3c115c79193a95d54651a9e1b7d9315e54e7e0ca35de70f754579b55447e635329787f798fafa5f709c79ccb6bed5479a971afe63c8790bec7f60f9ee807977c4b246827e4b8f3de5afa6edad51f57c44f05d712ca505a3c6d11a6d2d2b4f149c73cd5ebf226d82967c96fa5bff00b899b6e5a6c38a42ba404e5c8fef4ffa80b656168e23182e3eb084f5828c8fcb473fb8c4c999e376d3c9dc293fe60379549a778fb4e2c5b6fcc7f8708d3ca17a47fc5e836e798c70de3b4071856927122546405a60b5911d146f7379ed7df1193dd3b8c071afca786223246ceb2eb5f6bf87115a7dc9e2212eb4668509e1eb757e94099871e72d51c03f48e1d45fa7a1c3d19220dbacac0429264457386de16915f7c34a94649159875e57b8e04ee4caf76ba70df0c7a9d3a3f8c0d87772555f6c37c3163425f9c1327737e8c8e18eba7dea270452391785e52bde1b382e52df4070bcaa5cb76d1690a59e822b4251f718fa8d7f315682fb2a3ce6949fc6cc8e641c2f284716cd2438e3674142615bb6c128054a3b8405e56744720b63419404a7a50aec82503c25f14d91e6275372c59b167acffc618b41f6995090b612d913481282bc97cb572ee8d07905276614e794df5b624d22bdea36ec0a56269368305dc96b46f470d864ddff00eb0cca87cc9a0c27e53cfa0ea4293c0c15648b97c15127db5269843492a51dc203b94c94eee1b93b45651930eab453c97eec31679920d071ce44d19280222611e19f84792f255f7551f4c2bb2a3e818ad094f7544f28767d111a2c20246d9681e835a7b52c9bbffd61993af8a65414e73aaf5e2246bb55fe2931f9ff0018630be0a950611bf46bbda923e99ad3467c1070c59e55039da6f9957c213f5515a68bebe089619950f8139cb9b9b17dfd4b43515ebe868650e7150185d56414aab49b6243e92bd2733eaf94afa52a1349b4415e4e0ad9fe4664b4d0d631e0a544ef39a7841cea6d56ee3c0c29b58929351873efbf3bf69cda6b1e6b95f619ce10687ea902b152e1cfbefcefda612143513acaa070895029509a4d4632a60fb5caafcefda63c43ea76bfc622a573017e524ef128094d82cc367c3fa455e073386f5c0a6ac3ebbfccc55fb3e5fb3e7fd1f9e2d28aef12890c5e62dbc576e33317699c6fa7ed0374ab1c39badc44f1d39ebdbd709ef8e9a15d9156ceace9ef8ed746a8af6a22ac72669d515e6b7355b0aa2ac67ac57739e7aa2ac5fac5778988eb89cd6a091d63ea857db5c25a6db50d2ab4957baa1485b6a9032d21153c07dd544d2663a619e6b8847731aaa5387e223c96523ee315bc523e3544d6a2a3d73022d10858b14274e7b49d371ce02acf36d6a49e863ea698f908f398ff00e4c56e681f9089b6b4a87438279aea13dcc6a69387a08f25a4a7bd71acfaa5c1354575d32836a0de9b686facd39a4907a454f150f9571e7b20fda62b529b3f211e53895f637d9173497ca8ae3c86d281c4d71e63ebed396d024d8baaf4e1dc3546ce62a8d57d52f95712ca5a04714c794e0d2e5351bc14cfc4779531252b451ca9db850b4570958b1427b09dc1c7380aae0028f8adf054796a92f90db742b7541291bcc16f259b6df36f372d036a0de10d0f7566e33064603796563ff27fb80a4998361171f11d3d87189aea40b11c2e7a26c5895e172b13aa2e723aecef4ffa80e34ad249db971dfc0e305c74f61c2e8958b419c2569b089dd9c7380bacd35a0fa93c612e346693b5538e192531a6af4fb53c2eda06d4196d27b24343dc666ed5d6cabd420292669361da784d9f251fc9bbe81b162ecbe09d5177fd2ba754fa367e0367cc73f81784ac5a93384a85844f63a2359ce11e2154fe3ba356a5ef49d8adc3ed113377aa0697d5454ad8a9c5fa5226616eaed55e744da8aa9952c8006f828c9aa4f3670526460232ab79e2aa68687b8de52bf61a95da2ad8272549f92ef4506c58a6b6dd3aa9350a5e10336a5333dd15d25cac4eadebc357adaabf14d4b5d494899871d55aa33bd2162d499c050b0d742bcc8ca13bb5554b4cfa9caff115c556505b87da2266f4d93e856aaa9a5916b87f8be006d4559aa8eb9d6daac5094290ab526541b6b71b7b44867aad8af325b16acdf1a70faa523de92e5e946a0be16cd8b115d915517cfca54123981146b8e90a9588d5be3cc1fbc5171c3ec4ce09369be21c16a4ce0285869295c4ce8307e52a4e387da27049b4df193b89d13f9a3a3bd6a95f920da8d5a2f2b820d14ab819d24b42d59be822d10858f709d065ae0277e5b47de28bbd6aa4cab8a051501637ab7e63a0d1a0ef04c85f9b707b4ce262ca084f15d26ba55416e1b12270546d359bf293caba0eb9cca26fe8e28d5341847734969e0ba01b16b86ff9423b1cefaf824e00b68fbc4c500395349f476340a458d895fca79919ca79d40600db9ca62acef1eb2a4473273ad6ab12270a5aad5199bfb1d4cb3b0df75602dced4ea9ceeab8a89a4c77967d016b8658034be55039d639004e02e327dd58cce2b8249a6d2b8281cfa02c6c4b01697cc90733ae73289c05a737035e67cf496c1b5714830a5aac4899852d56a8cf0163a0943ebe09381b4778d5312e650d8307a4a3405ae19604a4f2ae08e750181bac9dfac21847527612e5518f0c58d8c0b2847630c35dd581b4e6e9d7084f04ec329d2b13ad0b7156a8cf0229e641858dc801382051b7440d83c81ff209607939eb2875ce6513fb3db5f2a818ffc4002b100001010409040301010000000000000001110021314120304050516171819110a1b1c1d1f0f1e160ffda0008010100013f21b8480124826ca002733d99703422b3a6b796524bf6c1bbc0a589109d7a766720ddac5898740c8086b367190cc23b308dadef11ff00021f4b9e7b32e886a1e18a888c453842b48809211021918030fde62c8786ff00d580ca38817e44fcaf0d896e6bec218a494498d8827148e3f2de34fcb0b9b4d5be0186cfc3363a39c77d03149c52a49e49b36269d21a84d9e717d985ec152e1e1ad8f0c9224190b5105b8ffab461673f6398c6f20a40948e003163d0207c062fb605b9ce839b1f2430344f0bc6071e861dedef471cd4e1450dde5f50dda62751c98090b815de555f0ef77c4a38f2170ad69a0244326f390e011176a3b89260036255818090e2e25f4e0dc11bb574bfb8b8cca2806e38f6bb5f53aee3cdc8bf1521d40e3e2eb2400492e0c5f9b29b916731b82fbaca3243aa5cbab38b75aacd390c1312c15407d60ce3dff061aa3f6a6d0e7c4b9cc2af26d7706eb73d0bda9092468c418695d058801496fba787961f0348280002014a20b68879e0d10cac4aa74e87baeb0040438c5891014f634082029140c1880d25e08019548c5c7f0c7b9af03a19d5ee2d0786419ca5ac37a80b11100505828e63c63a72a824d6f95d9f5185fee84df093d03fd752a2f4856f185762da96a438ef0a70c8f014b1e9e5f514d6093271e453fbb91bb30a3b5a50580391dcd12e31c410a1968a3cc9070ca042600c8269a6fd70d05dcaf4c5868f2776c5671113a99d6c5882cf37d48175be57667afc4ff6829d1ec8b57cd49352d180fbeeccf3f98fe5075280275179b51008208731c0a6f961475b5f57663177b4eae0e083a2bed8943b9e4c4104821f416c15c8ff002ecfa8c0feab3cdee5d6d597d1c1c9bd047f9847f5801811751a7d184274a806618bd42f3d5d10c48f01fdb684f0884810d1b7a41d15a070818b073d2b19960482a0b225d024ebb98e268571641bb8f816efbac3a273a0aec0ea6e33ba1ea123785922ddc7c0b77dd60cf68e304a80f2dd00ae21413dc503305b59b310438dbbeeb064e0bef8a82039dd2ad9be80858780765f9b708a9c62dd84e20d032ea02901810187f8f91eb2175baa52b95204e7758d39c988400fb8fd15da21ec2c7488b87e22ef40033be52b70950c5a1cbc5e7316d8b255e6591295b3240bd35816c48139deafd1036a5d58085ec329301208ad0508300102f7c085a1eb12f95b2a766512842fa201716259217284580000095f600ac24c21cec4a0100cca30442fc760c449430ec10c5ec63710bf7b0e8a8c2722ae1eb6212b3b65fbd850338f30112ae5f368f4ed97e984c43830214a0427982d04181a79816d268708ab2c0afb0664831c847b2e16748911892302cfa62de01a20696bccaadc19757c821d818c624feaa965609edbaac98badc2f700a06908927d0004230142c68550617702f3cff29a069b5c05821093c4f462492a634b5cad014a53030893d8af5da95549b457f0f9d81c3c62517629066586747d82f2ca03355194b20359a44253d0eba1146ad04b14d2dbd626f537ecfe74bae6388c0b216d1668216bea2c8c09869776cda9088b91634f0af0ca636e87765319b9a9a134b23d988424a3125a052545e91a71ab0d32a17147b4214a6c2f8b44859272636120cdd26431f71c19602b28db55d1598fe3288d64994d483221c068d181497c3ae72b0801246021509a17fc1f4d29d1208a4840868ad0939eec91a159e190c2ada120009d0d4c99714f9637c6a605220afd1a8686a80dea25b7a844b3a8c70e749a25f4a753dc1e8685830626e7fab20c613d8324401fad2ae0535e3416c6153a65254acaa55b3cb68539d5059402a08710cb3e48983050c6521411612c46370b00cadd73a87f559029a61bce4aa5d0c4214a0e86010254afc9f70469ceb079621d1cd827d37eabce16530f00de2a08e02b605382ce0d43400306f52a859d0d72a419e635931248925e634e75be0165f2c965eef8ad497e525899d83b09f35d02a1fe78c30aa54b2e93db552b07ed02a275c89593a79860de1541022b26ed97357c0a87f105b8855028462b956ef1f5dfda89d7a13d6f191c2ae4ca7a581815100501b31db760d0d48d3a3e5ab163ce25268cfbd2188a9163c46b2622422925f513af2202441102c138be8ad49374641fb7d0c048582054a299ff0019538a4589c19eca74e746792492fe85ec32a087160ad24926ec40049418114d543d63a0a99d80a68cad8400494181a8fad180b0c0a957505b8852343cb132faa092349df6903c0c73729268a5b68f7a99d85e77992d329ca06c837883ec0586054c10c0310d51a34a0bbf8b008c8e1fc4952441fde0c0040633cf50066c4b18c4524a93533b0aaa42ed19d35f33da2c422ca2a55b3fe32e8734061e7ea99dc306f430b6a051913e4610c0800403a8de71804903a2fe883a0a9458d6a2f068d24597a48f7b229e800692ac90d4319e7180040a3aafe0ea1f7447d118b0ed2689d23dd2432acaf08fa21a228089c43143522939d98694319b0eea8941ca8928092c4273bba868bf93a9436cbfc31c8d48a75a40fb33eff8528aa8972db1b38753568fd7ebb51cdf1da89303b8160540345504de829828b3148d08a0e6c186823b8a19e59eff0096617d42aa72e3514766b91a59ba3b51574e91acea1cb32a17e014a19780f16604150592b2d26c21954828343ef93a96ef70342222cf6621ea75333500eb36773dc0a0fdbde9b2c554f49f550ed4364523372f141587aa2a8da277baf4daa3ace1f52ab9db90a19728f74b66501717999d4920b36714387f5c5cf63eace7524c3d2749b100125061d72cbb012967ca3df58a153d98e43e6a1a927d996ffac275d3e09e2d01f52ad277c50ebf59c349718f702757ade203cd4920b3fe5aa7ae0f7605f7683a95f8e0de1d3f19814ff1dc3d5ff7982f3524a6d1fa7a0e8fca19a2da494543c1f0d368b66a779d51fbcc06348f9a01a2fd0b53504eb4a9ff0009467eaf4daa3ad44952ba951ee06d1e3dd465a76dccae4f133a925369cc53b86c7ff63ead64a2a132507145b54541d163db269217735076a7ccfb389e2d64950fd1013a0c5b5dbe4d42c4867c7f1a321cb7a8256d5909387b7d700beed84a2a216ee38a892efdff00b5076bcc8ef8467ed0cd15d6c050de7f95a96fffda000c03010002000300000010000000000000000000000000671451441845000000000000000000000000000000000000000000004651041041041041071200000000000000000000000000000000000000009041041041041041041464000000000000000000000000000000000000041041041041041041041051200000000000000000000000000000000009041041041041041041041041840000000000000000000000000000000009041041041041041041041041040000000000000000000000000000000101041041041041041041041041049000000000000000000000000000000401042041041041117cb120104106900000000000000000000000000000000107b08104104384000002004104100000000000000000000000000000002904b0114518610000000100010490000000000000000000000000000000091c100000000000000000098106900000000000000000000000000000010b0000000000000000000000071952c00000000000000000000000000000032000000000000000000000170c0ac0000000000000000000000000000840080000000000000000000015a05a000000000000000000000000000000c8000000000000000000000000007000000000000000000000000000000016040000000000000000000000260000000000000000000000000000000000c000000000000000000000140c00000000000000000000000000000000000200000000000000000000410000000000000000000000000000000000000012400000000000000003c0000000000000000000000000000000000000000980000000000000003000000000000000000000000000000000000000000006000000000000100000000000000000000000000000000000000000000014100000000003d43000000000000000000000000000000000000000000013f8f3c00005fce4b00000000000000000000000000000000000000000060ef7efefbedfbef780000000000000000000000000000000000000001d2f3cafefbefbefa4ff00c30824000000000000000000000000000010f77d73ef3cf1efbefbee1cf3cb7fb9db472c000000000000000000728200053fff00dfbcf3c77efbebbcf3cdbfff00d0008c10800000000000000a100000053fff00fd3cf3cebdfa2f3cf3c57fff00d0000000372000000000040c000000053fff00febcf3cf1bebcf3cf297ff00ff00d000000000c8000000018000000000053fff00faf5f3cf3edfcf3cf3efff00ff00d00000000000500000020000000000053fff00ff00fcf3cd1efdad3cf15fff00ff00d0000000000032c00040c000000000053fff00ff00eef38d7dfa543cf1ff00ff00ff00900000000000088000100000000000001093ff00ebe40194fa30000bff00ff004000000000000000c002000000000000000017ff00ff002800bff9a00057ff00ef20000000000000000a009000000000000004ff00ff00ff006401befac00477ff00ff003400000000000000031000000000000000005fff00ff00b4047efa9014ff00ff00ff00a4000000000000002a44000000000000000007ff00ff00fc273efbe03fff00ff00ed00000000000000002268000000000000000003ff00ff00fcddbefbefbfff00ff00c1000000000000000012040000000000000000005fff00fec5befbe27fff00f94000000000000000001384000000000000000000057fff00ff007efbe7ff00ff00b200000000000000000017ffc400221101000201050101000301000000000000010011201021303140415150617160ffda0008010301013f10f0d6352bdf5c75ff0054785f39fcd3e805cc2e26e61f48aea6f38be8da585ba3bcc11d62bdecca701f455a7b8bfcd20c00eb899f39ba105072f4dabe56eb18dc1679dba4056a0ead894d79668a9b373f4658ab4a5fc9435a3baf9dde00a8b44769f23219617e2db3cd6698226de033bc777e7755cf4f68b6effc3375ec621b2f92a51ecfab8ccdb2c5bec1a768fbdc48fddd19f9e7571a28f7ee5d9a5b1460ac28440a3ee524815344b8980803e6b6abec4103a6bb13d4ef2da0ee2deeebbd2fc883ec41d45fc8a4bb9bd5856b62772358eb46811010fdc1259caa0de7e116e4a9b86e5eacc4800e17e9d61f2d4d6d221dc0e254a89d9e1bb027f4454b34af4ef1b351957b30df733111b57c5bd58fdf0ec635cc2a3033a9a72a172c5f1aab43f700e36c18567f58fcb0383e6e3735cb76aec752ae4014ee477b55f30b301c0354c54bd6822dbcbf2d584825f4d283eddeae8bc4e1f86afe733a6e1a1b04ff001cd281fa35f9732ad4ef8ce1668ff7e828ad2e35ece72d8d373cfb958d6a5fc74707038fa26c3c1530973f835a2e9b5589c7d2a2ae438d91bcfaff006f105292ec0727dc5f395c3e52c7f4ea6d12aff8c5b70393b47ca7055c224472a8dcf33a9b4513e1581fe26de154cfffc40020110100020105010101010000000000000001001121102030314041515080ffda0008010201013f10ff0012ad77bd68ccc0132e20bb985f6e6022e0c370ec136ed12c712ef61669313eb43ed1788aadaeeb996f5382e2b5797b2ebd03da0ba254eb9c985817046822b07c9684a1997e7ee4a8069d7e4b29d0609f39d5372e5c32ca83c946a58a7c5967cd56cee2234f811e201a3ce767382b601d3f8d467d8c488d3c972decf838d5d12a51ec4129838b84cb5047bbe60fef02c21d7b8f4e8525ecb8b73310f709a62ba7697ad59fb2cfc8aedad5b3bdf9e7a815835bf96cf441b04ee052a0b2f658a6d77440a8d4da6947e45a2be4592b942e7e902dc2c894ea0298d46cab6ef60fbabad5c43d45389f2801c269d9d644a69d2c5b68a35775d9238ef7de8145710c5edf863510801b0da6c77da593ada2d052b8c591c6c022f26d7d363c1f7db565e5a35652296c14cc55d90a363c0964446b51690c15ca317a8b1129ad2e758bda787e9a8cdf19a8b275a3d476b47d751f798d9a9e31b053a2b1d5766a2b9cf6e830738fba3a5aaaae82d21b1e3ed33f00d9a3ad6e8682dbdaf19a61cf21b4d31746aa8421ad87dc0fb1deb3b980860d8f27587946c36456b6645d8f29c4c0e6365f9b296fc2f53fffc4002b100100010203080203010101010000000001110021314171203040505161819110a1b1d1f0c1e1f160ffda0008010100013f10e42250054a0066ab59c014da4b443a1031e81a7c7963edb4d2ed7f8d1a65b9ff0012b4dcbbd52fe7e20ac5835088f6281f9a448374fbe4a7c3a955144ebc8fbe859531489d5c0ffe057d9b27ae1a5f2e7f5a6901e646868606f5622850889822537d7831fe149678e5faacac116e4faa79e380a29fad32d5a4c56ca41ef46a2eaa54b9abc166b1090064980d6a47b27e75184c64634ec999ce31417b62e402e9c829026b3f4195505695506555babc315b05152464920a58562250bab8a86611239ac286b2d2fd5d5cebb2dd9060714c49ad248f54d33d6d98e70980cce64f33cc8112aae46757b3df5cf451a95555557af55e32302a0b8e88560775c9cfae62d0a810c72b571e4498196ce35e8d06900fd3a3dce5f35781d84c1ddabd63b95b083b058e40f79b3e0ccd1cbcb845f9f1c866086e28c913b950388cf0b6e5a1046d6c0255ec54dd0b2b2ede01c8b2d9a78396ac662d26fc8e41bd5fe99542272c7093c93a89383debfef72b4080155e85d5a6019d2c4439235d81874139590c85dea87258d4d8b35272befa9fa93862497f9c909a24e5d19f52a1e68bd28a5ecd81f40a71cac3a7a19dd9f29f4fcac45b24bd571b4007f5081324913d1df38790695d8055a9a2c41e5518253a24f75cdeeec0840200447246879430849ef5c5b50b8fd0f6772fd13fe795d284041d9212bee00483618e04066ac0526cce440108d4c1cbb77473ae51131b066161a6ee382b72b261e90084ebee08374000e48d127f3805d7ab707ef07df2c2d5c107471d84f4420f97f2c777e21a938252d2cc927452bd04c1334ccadb7a850a505c1631a9d7781209120fb3dbfb4e5943f6d8558da21ab1b26366064d469bff00a550da9ac8a3d7b2699603affa51f8fd73b8bf152d28bea88f7ac3e64098f34977a402248985464645f578c3697b55f5cb0e82bdafebd8c378543d4e38a9e9d2f7ae0daec2f57cb180cbada7efd8ce902dfc1778a240a111cc711a5742bdf5fb1b2e3fdd3962ca7caa7bb8d6e97a156238b094647cd67a5a7600511c93276132ef2bfaf964a0e58fa987ca62b03bce38d4b7d21593f0d8762bfded5a473d91e52a02ac014c049add6a52417a10847b344d4bbfa66fb9f079a78a978d32391228b23d9abf386387a2667c1c4662d858aec510e57669c050e944a02364aebb25f52dca11c3907858f90786efcf06915aa9c92bdde3aff9bd7f051e9e52f89f2a3d27e5ca0ba31f4ec159ec033c3aa531ecf1d7fcdeba3b48fa6e0793b0d3751f4728ee907bd80bcde040846a4c2c6a622be438efe6f5d140205d4363b1a94bca60392869b105449eabb9e38e006a3204294194d2e408034f94231503568c7c007a394b09c7f0e4d18f067cf2a4111244a74cebae480a96a07315f95902b0c5d2a2c8391ba876c4ff00bcb7a6014208c9c80150057b53483a7efcbe209e8f469ae2512b8e8621280e856118f5cf98c803378d05018ad0f420e6566ad4dd7d0f197f19be79a4ea18e9c582a05d5a0d75a9e6b2217eddb8a9a2b91ab9b668059e8d1a501e233807d145c4039bd82b17ee7ece22d85bbf639cd95bdb3a3fa786882b9e4f3a250112e55a176d9e1213863281a8058e7609212f65eba0862704b130879628ba80e79f75421212818c2187013a57c8aff98d4f3dfbaf81211866a3163abaef81738d8a6692d7f03af3dfbad885ff0040a2464374a13504dd73a2a9565f8fe075e7a66ae0ea2da91d171d808c0d2a010f5281904edb7200f60ac718e83603284c1e03340e71d3a3d1e7776c2ca26a4aac72c36929434a2413f72ba1751aeda8382ba1fba5bfb5a99163a6cdd80283b8c68dfef0a22da9d1e8f398ee2ca25a89bbf361e27809adfc80bea753a342ec38741e6e9d65163a776a6089baec2a459a70b7cc4659d001016d83b092a7a58733130f625f73153c20e0efb96a5b260021610669924a6ebb5851661bd6118ad0919e7b4bd80d15e19112a183151c2feb7f814d12e044d124e58ab19bf73149a579347d0576e25cfd115164d967dcbd3e61c5bee67e14a0efd033586417b4928f736e0721778819896db8160cf2dbecd379bfc7feb11c88a8a31b2df7b344843ac7a258562ef7b8affd84fd13c900949899e38aa4413abef85419f93bfcca9c31d10f4429b3aa50aaf5576e5f71a0790db4023834ac3865babd259b8c7b10bc1b4716ad0e7f7181a2254689659f665aeeab31fa66a48de491ee457f56cd438d68ec6c127452d4532612d716c725796029552ddddc08616fedb81b19e5488c25f702062b4406e2f89e156bed96d38b5765e894a111ea25401848c7a254866195f3ba8d4ffe18e3e388e909663d30a8fbb8665ceec77e919e0af7246bea1ea130ee2690dc2f22e370127087b9dbd9695554aaaaed38b57702888c348ac16564a9b3589b534c87093c5f3202afaab800fc9a555565e065e21bf7370c692d62c36ae52c7738a410f01ed76dc5abba05de5940c8897129b4ad18f428eb7802171132781c7bc037cb052092136c7fbddc1cb1823c57dc81952322e3b084288c160dcddd05a56fb3b6e2d5de2257b4ff00c8d0020b0c4734649bfb7f491e968ec4627b4e108bcc6a8934c24e8d89dcdaa587cdd683bcc772e9896eee01e5a628a2a6eab7576dc5abbd1ecac19b750e9428f3cb31cd744de8465ddf83bb53aaf729fdaef0d22e423ee6e960973f1946e98fa0dc4b8b577c0542189d9de28b9c18955c4ecef116534156ced391c3c9780dfb9ba0ba2cd213c0ce82000dd63b10fc8dc1c5abbfea8ab63e3a5dda94178d5dacbabc4446fdd4a6a604a3d89dcc0365b5bbd9854576cc34591928ae38280e9d4dca405c273c03cb4f81053755655dc38b577ea108414446444c1285bb11f572d2ee6753add8bc1ddabbf1a4ac560d0e265d812b55f6c481a5a01d55a903825b7f929560a555c55f836b25d04e8951e186442a88410a0446e226de481fdcae2d5e01ebca75eb3d4c68620842e22489d4770c18e041c512c88d1ecda3765b3a469321dabc19a9b4eb1a6c3a7b15a8241b57f0875f721c5abc0a5cea77e676fb675c025ac7654320e06858e2a7b086119a80f0af5448ec2c0e0ca840000ac70535175b56604175300a4320a9593f06c45440239a6079692f2c8cd595772e2d5e05b45c0c9d03b6f0378dbefb782501a1b3dcdd510fedf0b9455dfc9f210cafb1399a546b99f751276760a061acc85d51de38160022c641f321fe234a103f196097cbb9433a6ebaf04b644af5b3ed8ed3cb10ea70840c1a1e65446d5951ff0064a8793ec68840367b7c2d36294b0f4e6ca08346935c7aa8e4c16b17fb3b4977a5bb52ae2f09a141d9209e4439b20532c59d9a655d786b8bb578106750652841066cd5c7649c400aba563a0f6acb62ee62ad36a384636e685bcaa6888fd532bb516ae1996878e6c8f036ab1770e601b772c66897fb36638612f51c6c9a264dd64a2119104766dd1f9dddb98e19a609d30646be8ff49361466dab9c1c3249f4dc7ec427eccfa6127e1da96995bd51b2b2a13497dc0c9e19df92ebcc3614133e92af1c124d210cc36792866040cc49135d8baf72f4276a593297f26c7bdf92121529a1ea125771370d6e917c23e6c522b282d1138533ba91249f6213f44b3d1b57cafea21d8b5e807deee8c29c2fd33f63f316c137dd0f65e18512980772963686c30cbf9757691f5c33d8ec048063aafc782fbdb5251f288d8f0c2fe1d723720558ee1c23c94210028b889227cdfab1fadb4965b79613e5f4d6a89a96c357725dccdc36e9d93dff0094c370deb0388509dcb4c8cd4b7d8f870ab8b210f653b53cb03fb9f28a801dca263871968bd7617e60c64a7893ef8840c75dce02ecfc0fc0cfc5e751dbbb3034f617e66648773098e22fa4dffb8bf188e353127a39083d942f2dbead0824b9574b1fde6e37fe6f3a0d44d1abb12d3393abe4ee22d5c4df1bafbf4c2126fba1ecf15335dcf9955f06b1f7fdddc2f861fb5a945051a2fc88139373f806a2563c3c67c8d385a16ad948666206806e2167ff003697d803f73b8808e2aee721fb1a944e01fa1c5c83a6e1138b3f8bd06a0f6c3e49b81a8bc42434493c0ca9dbb134c978ae9bf914522f6437825f7c63c46e264e52b9a62f96f596da488aa99015f643716038bba903fb55c6309bb93e871901c3a80b4aaaf177ca2f1a2d7fffd9),
(2, 'userpic2', 'image/png', 0x89504e470d0a1a0a0000000d49484452000000d0000000f208030000000b1ebb7b0000015c504c5445ffffffffe0b46b4732d48f5efed5a51c294239475eefbe859c6746d0d9d4684531ffe1b5996545ffd7a7704a34eebc827a5138ffe6b9643d248a5b3fd1895762391e93614282563b68422cffdcabd9925e643c2384573c5b2e095e3213613b27f4f2f1866c5feeb97bf2c48e00002c9b877dece8e7b4a69fac9c94d2885224405e27344c30445ebbafa98f786cc8beb9dbd4d18165575b3420ddb890e9c9b5bf8055f4cca000002500002e14233e2e3b53714f3c83685a795a4a582800c7bcb7957f75c2a3818e6a4faf9071f8e4cffbeee1f5d7b6dda885975e39d99d75dbcbc3f3e1d7e6af79afb3baae744ee8b688001e40af7c5ed2b299808a924d0f0086502ce8caa1b192739c7c60c1a280d6b792825e45b89c85f3d1abfff1ddffe7c6bc8f6ab08973c5ab9cb58865eed5c6e3b89dbabec474605e5f565e515c6f6f748099725e69504b9b9fa65e4a4a1e2239777c87adb7b77b7573403f47c4462f3b0000112e49444154789cdd9dfb5bdb381686738feb04c7b99b1012730ba4059a42494b81022d2dd01bd0ce309d32cc4c67daeef4b63bbbfbff3fcf4af225b22dd97270a4b0df0f2d9094e8cd39e7d39164a7b15874d23b2b3b3b33abababdb3b89c4d6f6c24a2fc25f2e4a2bd31a500248d34ad5e9d55dffa7eb5c06752575b6108e29ad3abdd0a13fd9efb1f1918308304dcfd052aff7c3b5008a398120d2aa4e7e62eb7a0075a6131e24522d2d4e5d13a0d862d54d9468eda147749ca09aa85e171fdc72675d2231b5831e595db5916e03a0dbc286184eb7bd214a6888a8376d7bc48c96282d8a1ca59ff45eafa363df6f79810c22bd050a6a0f3d07549ab62a60ac8c5a79f8707a6a66e9b66e7c3745202aed81475af00b88d68351ac0a1c71a056ab09d81c6cc3bae8b4084089d66d18214874c7646e8db52b2ca1c16ad5d28a772e3254b5484babb1a512fc7b49f4a0091abcc98b665caa3bfa2a91a8ba6bd94569c6784649e0c069c20a7bc92c1dadbae32491a1a0092c95d017b0773511c50d9ca2de36f6cd8e37300040a9976b96f2f95a594d1850084cd8c0695adcc3bee9b927200853aeab8a3c90a2966bf9b262224d8d5d15cd2ce0df39ed5a56eb75451e84c30e5aa29eafa9c68fa7c7cde81e3adee23b78ce29aae266193029b59af16855173472b23a4e207cd00a15c7ccc65a193e41db123576978c2ef3760b6f5f7ad884aa247c7920523daf24ac2e4fbc8cc672a984b72f5bee8cf36792953c8c226c1cc64046a6dcd1a656ac9fe8b66b23335355e0706a00138a51694618c540fa0fe8afe9814fadb42c1eb55906827fd424a9e99f7af9c49810f51e420e5434ada58ede59495873905257f169a7996ffa112935f8e81864dd6e0b4e40a83793d51f5b2d6c06021078a1c84dc9c7efe47addf03a5d30d0e2d414fcb36410c0a95f1e4ca172d9316645f209925c437f69a2371816d008d0220005299f2fd79b75c51a66d9492095e944aa49fb506ca3baaa69db0320d8cea8586320d7555718e84472cd7c685a685f079a1cb0de5c24adb51da3b4be2fd7a96d50d38a6b55e41e03ecdab662cf08fb3b2680e2fa415e213f3381e5e7d476f00b8f4a331a9a3e889b0750aadb07943c354483741468df0b1a7afd1dca203d390786ad929f099b24fb4b7153ac61d8e4cd1003c8336c961025aa0bc1af3d12917647fd03625511a19654ecb92d41ee4dde7ac307e9366ab3274810324fc62d705a1743140494701791d9b6c9a4ae01aba28426c818eed0ebc778d70725a3e03f9189532c1eb616f74389197824b750228c0b071a1491f9855c53a840324e34c51ba8f3103409c40d79c79b6e8d5cae9b7f37d50461ca3585fd748afb31cb8e36ddf3ecc1792459a1b0aa4641882a74007adb00d5e20d0426a11679fb1a93916190c302328a087983eabb8ce5be890fa3e3ff1e435939a7d8b957b3b0ac2ca489f7c1913e4d9c4e5c92f316875d4c4611a9e02bfff783fb267e8905c80a11ca34046016515976af97dce2befb0826213538e7cc10a162528dafd04c24c9b24a5d1e19e27db6071c41610891d51bd46563f6312c1be49cec698c5ce26d0b7b9ad1c20444c99c5c0197594746ce81be5bf134462e719e5cc16a08bde7415132732caf98d3a919289083d4b58429ce39b76702c94dff61194927d7cb568ea956c8a40020ce390717e0865195fdc725a3a5b82c254c022b44895a90a7f0f53978a988395fd6028e81eaa02980f12937f11095eb013697e07ba9562b61cf9772cdbf8d91554804b025a38a9a86f105ba02d72b9bd072d5689e6116d57c0f1810113001c56c1c8cd0d4835c41e3b9b9b08b960ed69b2cab926f90b4b6d66e830455ccba31932ec821791691d169dbed3408529e8a24b7dfaef7fbfb17534dd01f18104a3b81b5ac344d7304322fc21c4cf7e0ddcfbb0feb6459d3b4f6dadbfee4442a952b9e3f56db6b6da4b57da52dcb01fec87326b2b6b0ac76da402a4b65d53c52817fb61f3d06da4f4da6a0e2f15cb178797efe0e2a5e2cbebb58d302728ea32bd86b3b15b72a9051e57caddc5455b559572ffa935013a994090494b304f1ce7f52dabe6b447ed73beaf665bf6ecb360f8bc17ae762c242c1801c02113b7facadadb56940fc6c0edf1e91886391d5944b5e2083291e3fa77983c66d9b1bdb919355d274a2a9a90916209485c57d4a8cb85d90a1e3179acb4def0669fbd1849b870a0490e26b9410f15a41ec3af6afdc44b2a2ec4fba71fc80e2c5b7146fe0b599b5e07c7dbc4f809ef0bb373cfe40b94b4a887801b95f574ed46a2aba0a53a9d7ff4c11c2e30f142fee93895a3a171edd7bec202b4d78f965597db44ec6f1078a171f137d81d30282784e0ce3d3de5a9f24655b30102823121127a045e2a983d6bef0c109022213716ae6487bdadada235f9c40a05cf1919788d3c532847c6b3feefbe3040201a20bcf1bc509c873ffd6da5b8ab3850102f3aba008b90f8b6585ea6ca180e2b973b7790b0122b539c301793b063e40ce833bed114b78d8803c21e263dbae9348a6f0b001c58b17b268a0f67aa4403f3bad9b4febe3ac21c68463037277a99cb67d30dbd6de460ae4ce394e07ad9815b57f66cd3846a0c78e3be339ad58b1d6a7bd1f2d50ee1d5e44da1e1fa0a5d2c822e45c8df3dac6c22e94d37e8a16285ec46b88d74623667372c4a6102f3ec288b81d1061857b113510ee0adc6e09c53649d6a24e396c8f8edfc6e9ee60e334da4ec16973fcf6eab12262f76d46a0f30110c7e3a141ca698f598b881168e0db1ac78bec0745c4defbb001c58bf6afe6f9e111839948665d0e3103d93b0b3c6f27c2ce87987d9b15c85eb5f23c61c5ce532207b22622be176f0fee1a8a1cc89a88f85eea631b77e429674f449c3f21c7be01376a53b02722ce3740d8f712466ddbf62a9cf335a7d64dec514fac80c8002af1be8bc86a7d985778ac4045212564fb5cd4cda9bd4fc2fd1e22736e5d63c4090184665601b710a17e8eddb5d981d066e3e0230db8097d2a1ebb27b09b029a8844dcb5b6a78529217620e8dbfc2e8ac18442c41c206620b4f123e683f4964a21322e04107405113cb1583544c6b1038122e27f53a1a1db2df6008500caad09fb589c5fd803c40e049644a23e2cf4093b4e18a0dce46f62780e66e74603949abd14c1f364363b2aa0c2ec530140856c363b921acacd65b3b34fb8f31ccc66b385d144080015f827ddd3c2c880b250ff4f40f037cf71077a82526e049d423c0e8104b802000a6373ec019a2c083185d865614440133042fc7950ce8d042855109271b1d85c21cc44c40e04a721113c3044216c2e0c909800c1108d04485480608842f8363350bc202a40d0e8d85d81394093051116672ac402821928357b200ee8a010fd36d65c5f1c0ff085e82354d04502e9cc44ac407181090775103590a0fd045bcc1b25d72440b158d44002da6ca7223ef09a14cd13fb2d5aa09c681ee622620412ed0931e62262cc38e125c49c738c11124d031525d0afa261a0d842747d02c41822169c71a820a883a880c6c0e20cc5a301123fa9da8a0468722c1cc1d0af51008d4dc241056f960403896670e83290e87a05287610b84317083446151443bba857041a9739c8943e9b0d200a04128de0123c2df2ada3eb0684ce45af1221f12b3ba7faf094df6fab3b0868bc4cce04ca16e686fc9095f103ba4440808816a4eb06f4d400a2175210d0784d433810e588e5ba011dd840d9023148d718885c49d71a080689f503f3ae079011a4091a10fcd0c9b1079acd663d4864a05c6e726ece83345ebd290908261e564b83e0a4c003de088d1d50c10b643201012ce3334ee3a9b94201f078734ef8b910aee787dd0691c7648250f1c9c9d45cb680b8093cc5df7f7c3f36ff75ee61b75239a102212843666d112c215edc3f928edeeba251a0f44a2599acacfb0239bc82c413cfbd3e92a4a3235197a0e33cdd2450e5925c435e9e1491c7000248e289924895a74c40443bc081244934cfdd6e0820906e149e78ee9d0174f48760a06e88081526683800683d6f44e8482ccf071328195c4385395aba39819e0905fa5831788ee70279286ee001fa4528d0a10574a5f0e040d27b8138cf0fcd844bd21b0596f03880cefed815e4ddfa71b7c20414181e0710985ec5589d6ef901d48b2b8507a83800125548c749262096f040a07d1c4884d73defb20015b23e738f0f9080e9e8b0c200e4d31ab8817e7701710f9123406420c66c230249679c799e0703013360e68917ff74f248473a5fa08f9500a030e18140676e20ce397798f4052a6427c3e00020c90dc4d9b993be40a1b20d2977e426e2bc32729690b35308996d88e7d203c4d7b87517507288a9c701b49ef70071ede85c2697ac5c21dba0dcf32a7757700359453444b61940ee69c8b518d79feba305fa40041a2adb0c208f250c809edc3dee021d3fe70a940cd5e87844303909f9b67e37692d52ba77470874d70304421472eac179ce0940efd11e3336817747b8a1ef054a0e1f1ea2c949f9b30fc9aea31fa91c8e10a8e2e6a9f487e789177f7603e5a58da4e74debf2044a26af02f4a71787a0ee07ae402f8ac303b1e0802cf8382a9eef771a8497eb0f4b948b1f31e0408d06e753e6e6360168f832caad1f31e18cc6e73e656e659689404313d98d8f3fce48720ee26432cbff20020d9b75a627e4f3fe38304411b70b060e1d285939290ed39a1e219c574138f005f408715e2e3fc864fc819295e3f0dd29ea139870925136402f1f583800e82f1ad03041027d022b0efcfdddc3bb1124dea7cc0007c807285949f68ba1da2050421b3ebf8f10a56ef7e3d5fcaef3f956c629df0154922771f63015e3815e4078892ba55e27bdece2590e78472b95176c61ca15e32784ae834157e883f48c473719dec3e4c94400536e781ca861c3f3659e00c4942580a99fa341419afef1f03843ce499f3ecf6fbaeb07a6dc196315572ac727fd78b168fddfcce67fd45c043027c79521701a0deb9587691bbea7e737d36912d0d710b604c67d7c72d2ef4f1a97fe4df4fb272f92c3c0009c8d8b6f1749ebb543d274decc9fa6a14840d499954e85691816a46fa79b9ba7a73b0652b856b5f7e59e814304f29d8846a5c6467a130d68f3f41b440ae3739f32f39be9b40f1083cd45ce7396b6c70490361aec45f4fd14c3a1009df1e7b9790b1bd4e6e93f5f1d33d1e856e9f8022dcf70ce39c093b9e518d6e6e9bffed68379dedc73e19081029a9f91f0b880804eef0521bd7447870ac436b546cae3050248f3dffdb2edf37def3fa1005156e1a3e42101a5d3f3196a903aa79ba47f914e13536e9923cf06e22103a537e729971377ee91716840619a8548782840e9f43d32d1034a7c2840dc4264e61b106d7ce94db21f509f4f0122ed368e80e7abc543073a7d4300a2f35080c0e4ca81a8b16df3d081d2f7bcc6f09de0d7014099cce871363e638b65fa0837ff0e13202a90dfe64f24388d999bf8ebf90cf19efbccdc2f40f4088d94a8d1f89a71ee65f80cf1d41d22bf00d18100517244488dc659e6a6ebd5fcc6e8aaa2977e014a3f20c2184499705b6acc3c5f3d38fe402ea3f37b2aad3b3575737b0441dac8b837ce801ef80ef23ecef3c937e320925f9096df37aeb07943d02be9c2c3f380d626d8217a89017da6360998e84c376f7cec4685d448becae7a56f4ea0401aa0cd5b039e4e50802c5102b5fce5c68dd7d1206d487978f8f517f6db196090ee7fb281def85a828b894474ebdf370052c57bf142b8e06cbcca9b4779cb61698036bfb079b64b94c4bb01f5ec78f83035ace040edd840fe46e094eddc2fa9eb0682c83c0fde20a21bbdd7c961981c3430e30625146268a7d6e235c36209fe4046d219610acdb4f1ca4183675ca89c4ba7435a02147d4aba31d0b3d7c75d46a80d5837eeeb627630a0303977bf17dcc6b945f56e2be930a80aa0a26235208be485915c1e1726e7cc9e3bc4bff06beb06498753bd3e840788b61aa8ab0028888504e3cab8504046b7d023eef4840772249d1bcc54efbd8440a8289e8c0b5744f3702a5a8824e332c6f41aa0f7477e20965cb91c6278a7ff89c59efc37028f33dfcbef91f0b8fbb810c383bb25bf85c938dfb69b5c4698de32f1382d2164cedd7ffa3fd19cbf16cf20af170000000049454e44ae426082);

-- --------------------------------------------------------

--
-- Table structure for table `service_list`
--

CREATE TABLE `service_list` (
  `service_id` varchar(4) NOT NULL,
  `service_type` varchar(50) NOT NULL,
  `service_desc` varchar(50) DEFAULT NULL,
  `service_price` decimal(6,2) DEFAULT NULL,
  `service_status` varchar(15) DEFAULT NULL
) ENGINE=InnoDB DEFAULT CHARSET=utf8mb4 COLLATE=utf8mb4_general_ci;

--
-- Dumping data for table `service_list`
--

INSERT INTO `service_list` (`service_id`, `service_type`, `service_desc`, `service_price`, `service_status`) VALUES
('S001', 'print', 'Print-1side', 0.20, 'Available'),
('S002', 'print', 'Print-2side', 0.20, 'Not Available'),
('S003', 'print', 'Photocopy-1side', 0.20, 'Available'),
('S004', 'print', 'Photocopy-2side', 0.20, 'Not Available'),
('S005', 'colour', 'Colour', 2.00, 'Available'),
('S006', 'colour', 'Black and White', 1.00, 'Available'),
('S007', 'size', 'A3', 2.00, 'Available'),
('S008', 'size', 'A4', 1.00, 'Available'),
('S009', 'print', 'Lamination(Photocopy)', 2.50, 'Available'),
('S010', 'print', 'Lamination(Print)', 2.50, 'Available');

-- --------------------------------------------------------

--
-- Table structure for table `user`
--

CREATE TABLE `user` (
  `user_id` bigint(8) NOT NULL,
  `email` varchar(100) NOT NULL,
  `password` varchar(100) NOT NULL,
  `name` varchar(100) DEFAULT NULL,
  `img_id` int(11) NOT NULL,
  `phone_number` varchar(15) DEFAULT NULL,
  `role` varchar(8) DEFAULT NULL,
  `create_date` date DEFAULT NULL
) ENGINE=InnoDB DEFAULT CHARSET=utf8mb4 COLLATE=utf8mb4_general_ci;

--
-- Dumping data for table `user`
--

INSERT INTO `user` (`user_id`, `email`, `password`, `name`, `img_id`, `phone_number`, `role`, `create_date`) VALUES
(10000001, 'test@mail.com', '$2y$10$CKPXvdJlj32UZH1YwBlux.FgFezKjgL1ngpu2Y8NytTTPR4IByWkW', 'test2', 1, '0123456789', 'Customer', '2025-06-07');

--
-- Indexes for dumped tables
--

--
-- Indexes for table `file`
--
ALTER TABLE `file`
  ADD PRIMARY KEY (`file_id`),
  ADD KEY `file_order_FK` (`order_id`),
  ADD KEY `file_order_detail_FK` (`item_id`);

--
-- Indexes for table `finishing_list`
--
ALTER TABLE `finishing_list`
  ADD PRIMARY KEY (`finishing_id`);

--
-- Indexes for table `order`
--
ALTER TABLE `order`
  ADD PRIMARY KEY (`order_id`),
  ADD KEY `order_user_FK` (`customer_id`),
  ADD KEY `order_user_FK_1` (`staff_id`),
  ADD KEY `order_payment_FK` (`payment_id`);

--
-- Indexes for table `order_detail`
--
ALTER TABLE `order_detail`
  ADD PRIMARY KEY (`item_id`),
  ADD KEY `order_detail_order_FK` (`order_id`),
  ADD KEY `order_detail_service_list_FK` (`service_id`),
  ADD KEY `order_detail_finishing_list_FK` (`finishing_1`),
  ADD KEY `order_detail_finishing_list_FK_1` (`finishing_2`),
  ADD KEY `order_detail_finishing_list_FK_2` (`finishing_3`);

--
-- Indexes for table `payment`
--
ALTER TABLE `payment`
  ADD PRIMARY KEY (`payment_id`);

--
-- Indexes for table `profile_images`
--
ALTER TABLE `profile_images`
  ADD PRIMARY KEY (`img_id`);

--
-- Indexes for table `service_list`
--
ALTER TABLE `service_list`
  ADD PRIMARY KEY (`service_id`);

--
-- Indexes for table `user`
--
ALTER TABLE `user`
  ADD PRIMARY KEY (`user_id`);

--
-- AUTO_INCREMENT for dumped tables
--

--
-- AUTO_INCREMENT for table `user`
--
ALTER TABLE `user`
  MODIFY `user_id` bigint(8) NOT NULL AUTO_INCREMENT, AUTO_INCREMENT=10000002;

--
-- Constraints for dumped tables
--

--
-- Constraints for table `file`
--
ALTER TABLE `file`
  ADD CONSTRAINT `file_order_FK` FOREIGN KEY (`order_id`) REFERENCES `order` (`order_id`),
  ADD CONSTRAINT `file_order_detail_FK` FOREIGN KEY (`item_id`) REFERENCES `order_detail` (`item_id`);

--
-- Constraints for table `order`
--
ALTER TABLE `order`
  ADD CONSTRAINT `order_payment_FK` FOREIGN KEY (`payment_id`) REFERENCES `payment` (`payment_id`);

--
-- Constraints for table `order_detail`
--
ALTER TABLE `order_detail`
  ADD CONSTRAINT `order_detail_finishing_list_FK` FOREIGN KEY (`finishing_1`) REFERENCES `finishing_list` (`finishing_id`),
  ADD CONSTRAINT `order_detail_finishing_list_FK_1` FOREIGN KEY (`finishing_2`) REFERENCES `finishing_list` (`finishing_id`),
  ADD CONSTRAINT `order_detail_finishing_list_FK_2` FOREIGN KEY (`finishing_3`) REFERENCES `finishing_list` (`finishing_id`),
  ADD CONSTRAINT `order_detail_order_FK` FOREIGN KEY (`order_id`) REFERENCES `order` (`order_id`),
  ADD CONSTRAINT `order_detail_service_list_FK` FOREIGN KEY (`service_id`) REFERENCES `service_list` (`service_id`);
COMMIT;

/*!40101 SET CHARACTER_SET_CLIENT=@OLD_CHARACTER_SET_CLIENT */;
/*!40101 SET CHARACTER_SET_RESULTS=@OLD_CHARACTER_SET_RESULTS */;
/*!40101 SET COLLATION_CONNECTION=@OLD_COLLATION_CONNECTION */;
